,superpopulation,guessed superpopulation
0,,
1,,AFR
2,,AFR
3,,AFR
4,,AFR
5,,
6,,EUR
7,,AFR
8,,SAS
9,,EUR
10,,
11,,
12,,AMR
13,,AFR
14,,EUR
15,,EUR
16,,SAS
17,,AFR
18,,
19,,EUR
20,,SAS
21,,AFR
22,,
23,,AFR
24,,AFR
25,,AFR
26,,SAS
27,,AFR
28,,AFR
29,,SAS
30,,EAS
31,,EUR
32,,
33,,AFR
34,,
35,,AFR
36,,SAS
37,,SAS
38,,EUR
39,,EUR
40,,AFR
41,,AFR
42,,SAS
43,,AFR
44,,
45,,EAS
46,,AFR
47,,SAS
48,,EUR
49,,
50,,AFR
51,,SAS
52,,SAS
53,,SAS
54,,SAS
55,,SAS
56,,EUR
57,,AFR
58,,
59,,AFR
60,,AFR
61,,AFR
62,,
63,,
64,,AFR
65,,EUR
66,,AFR
67,,
68,,AFR
69,,AFR
70,,EUR
71,,
72,,
73,,EUR
74,,EUR
75,,EUR
76,,SAS
77,,
78,,
79,,
80,,EUR
81,,AFR
82,,SAS
83,,
84,,
85,,EUR
86,,EUR
87,,AFR
88,,AFR
89,,AFR
90,,SAS
91,,EAS
92,,SAS
93,,AFR
94,,SAS
95,,EUR
96,,AFR
97,,SAS
98,,EUR
99,,SAS
100,,SAS
101,,EUR
102,,AFR
103,,EUR
104,,AFR
105,,AFR
106,,SAS
107,,EUR
108,,
109,,EUR
110,,EUR
111,,AFR
112,,AFR
113,,EUR
114,,SAS
115,,AFR
116,,EUR
117,,
118,,EUR
119,,AFR
120,,AFR
121,,AFR
122,,EUR
123,,
124,,AMR
125,,EUR
126,,SAS
127,,EUR
128,,EUR
129,,AFR
130,,AFR
131,,EUR
132,,EUR
133,,AFR
134,,AFR
135,,EUR
136,,EUR
137,,AFR
138,,AFR
139,,
140,,SAS
141,,
142,,SAS
143,,SAS
144,,
145,,EAS
146,,SAS
147,,EUR
148,,AFR
149,,AFR
150,,
151,,SAS
152,,SAS
153,,
154,,
155,,
156,,SAS
157,,SAS
158,,EUR
159,,EUR
160,,AFR
161,,EUR
162,,AFR
163,,AFR
164,,
165,,SAS
166,,
167,,AFR
168,,EUR
169,,EUR
170,,SAS
171,,
172,,AMR
173,,EUR
174,,AFR
175,,EUR
176,,EUR
177,,AFR
178,,EAS
179,,EUR
180,,AFR
181,,SAS
182,,AFR
183,,SAS
184,,AFR
185,,SAS
186,,AFR
187,,AFR
188,,EUR
189,,AFR
190,,EUR
191,,AFR
192,,AMR
193,,AFR
194,,
195,,SAS
196,,SAS
197,,EUR
198,,EUR
199,,SAS
200,,SAS
201,,EUR
202,,EUR
203,,EUR
204,,EUR
205,,
206,,AFR
207,,
208,,EUR
209,,SAS
210,,SAS
211,,SAS
212,,AFR
213,,
214,,SAS
215,,EUR
216,,
217,,EUR
218,,AFR
219,,SAS
220,,SAS
221,,AFR
222,,AFR
223,,EUR
224,,
225,,SAS
226,,SAS
227,,
228,,SAS
229,,
230,,AFR
231,,EUR
232,,
233,,EUR
234,,SAS
235,,EUR
236,,AFR
237,,AFR
238,,
239,,SAS
240,,EUR
241,,EUR
242,,AFR
243,,AFR
244,,AMR
245,,AFR
246,,EUR
247,,EUR
248,,EUR
249,,EUR
250,,SAS
251,,AFR
252,,SAS
253,,EUR
254,,SAS
255,,
256,,EAS
257,,AMR
258,,EUR
259,,EUR
260,,EUR
261,,EUR
262,,AFR
263,,EUR
264,,SAS
265,,SAS
266,,AFR
267,,EUR
268,,EUR
269,,EUR
270,,EAS
271,,SAS
272,,AFR
273,,EUR
274,,
275,,SAS
276,,AFR
277,,
278,,EUR
279,,SAS
280,,
281,,AFR
282,,SAS
283,,AFR
284,,EUR
285,,EUR
286,,EUR
287,,
288,,SAS
289,,SAS
290,,
291,,EUR
292,,AFR
293,,
294,,EUR
295,,EUR
296,,AFR
297,,SAS
298,,SAS
299,,
300,,AFR
301,,EAS
302,,EUR
303,,SAS
304,,SAS
305,,EUR
306,,AFR
307,,SAS
308,,
309,,EAS
310,,SAS
311,,EUR
312,,AFR
313,,SAS
314,,
315,,
316,,
317,,AFR
318,,AFR
319,,SAS
320,,EUR
321,,SAS
322,,EAS
323,,EUR
324,,SAS
325,,EUR
326,,SAS
327,,AFR
328,,EUR
329,,AFR
330,,AFR
331,,EUR
332,,SAS
333,,
334,,SAS
335,,
336,,AFR
337,,EUR
338,,EUR
339,,
340,,
341,,
342,,EUR
343,,SAS
344,,AFR
345,,
346,,
347,,AFR
348,,AFR
349,,
350,,SAS
351,,EUR
352,,
353,,EUR
354,,SAS
355,,EUR
356,,
357,,EUR
358,,SAS
359,,EUR
360,,
361,,AMR
362,,EAS
363,,SAS
364,,SAS
365,,AFR
366,,AFR
367,,SAS
368,,SAS
369,,
370,,EUR
371,,SAS
372,,
373,,EUR
374,,SAS
375,,
376,,SAS
377,,SAS
378,,
379,,AFR
380,,SAS
381,,
382,,
383,,SAS
384,,
385,,
386,,AFR
387,,SAS
388,,SAS
389,,SAS
390,,SAS
391,,
392,,EUR
393,,EAS
394,,
395,,SAS
396,,AFR
397,,
398,,
399,,EUR
400,,AFR
401,,EAS
402,,AFR
403,,SAS
404,,AFR
405,,EUR
406,,AFR
407,,AFR
408,,EUR
409,,AFR
410,,SAS
411,,EUR
412,,EUR
413,,EAS
414,,
415,,AFR
416,,EUR
417,,
418,,SAS
419,,
420,,SAS
421,,AFR
422,,SAS
423,,AFR
424,,SAS
425,,EUR
426,,SAS
427,,AFR
428,,EUR
429,,
430,,
431,,SAS
432,,AFR
433,,SAS
434,,EUR
435,,SAS
436,,EUR
437,,EUR
438,,EAS
439,,
440,,EAS
441,,SAS
442,,EAS
443,,AMR
444,,EUR
445,,AFR
446,,
447,,SAS
448,,AFR
449,,EAS
450,,
451,,SAS
452,,AFR
453,,SAS
454,,AFR
455,,SAS
456,,
457,,SAS
458,,SAS
459,,EUR
460,,SAS
461,,AFR
462,,SAS
463,,AFR
464,,AFR
465,,AFR
466,,AFR
467,,AFR
468,,EUR
469,,EAS
470,,EUR
471,,AFR
472,,
473,,SAS
474,,SAS
475,,EUR
476,,
477,,EUR
478,,EUR
479,,SAS
480,,SAS
481,,
482,,
483,,EUR
484,,
485,,AFR
486,,EUR
487,,
488,,SAS
489,,
490,,EUR
491,,SAS
492,,AFR
493,,AFR
494,,EUR
495,,SAS
496,,EUR
497,,AMR
498,,EUR
499,,
500,,AFR
501,,AFR
502,,EAS
503,,SAS
504,,SAS
505,,AFR
506,,AFR
507,,EUR
508,,EUR
509,,AFR
510,,EUR
511,,
512,,
513,,AFR
514,,
515,,EUR
516,,EUR
517,,AFR
518,,SAS
519,,AFR
520,,SAS
521,,SAS
522,,SAS
523,,SAS
524,,SAS
525,,SAS
526,,AFR
527,,SAS
528,,
529,,EUR
530,,SAS
531,,AFR
532,,AFR
533,,AFR
534,,SAS
535,,EUR
536,,
537,,EUR
538,,EUR
539,,EUR
540,,AFR
541,,
542,,EUR
543,,AFR
544,,EUR
545,,SAS
546,,AFR
547,,EUR
548,,
549,,SAS
550,,AFR
551,,
552,,SAS
553,,
554,,AFR
555,,
556,,AFR
557,,SAS
558,,SAS
559,,SAS
560,,EAS
561,,EAS
562,,SAS
563,,SAS
564,,EUR
565,,SAS
566,,SAS
567,,SAS
568,,
569,,EUR
570,,SAS
571,,EUR
572,,
573,,EUR
574,,EUR
575,,EUR
576,,EUR
577,,SAS
578,,AFR
579,,AFR
580,,EUR
581,,AFR
582,,SAS
583,,
584,,AFR
585,,EUR
586,,
587,,AFR
588,,SAS
589,,
590,,AFR
591,,EUR
592,,SAS
593,,
594,,SAS
595,,SAS
596,,EAS
597,,
598,,SAS
599,,SAS
600,,EUR
601,,AFR
602,,AFR
603,,
604,,EUR
605,,
606,,
607,,EUR
608,,EUR
609,,AFR
610,,SAS
611,,SAS
612,,EUR
613,,EUR
614,,EUR
615,,
616,,SAS
617,,AFR
618,,EUR
619,,EUR
620,,AFR
621,,EUR
622,,EAS
623,,
624,,AFR
625,,AFR
626,AFR,AFR
627,SAS,SAS
628,SAS,SAS
629,SAS,SAS
630,EUR,EUR
631,AFR,AFR
632,EUR,EUR
633,SAS,SAS
634,AMR,
635,AFR,AFR
636,EUR,EUR
637,AMR,SAS
638,EUR,EUR
639,EAS,SAS
640,AFR,AFR
641,AMR,
642,AFR,AFR
643,SAS,SAS
644,SAS,SAS
645,EUR,EUR
646,EUR,EUR
647,AMR,AMR
648,AFR,AFR
649,EUR,EUR
650,EUR,EUR
651,EUR,EUR
652,SAS,SAS
653,EUR,EUR
654,EAS,SAS
655,EUR,EUR
656,AMR,EUR
657,EAS,EAS
658,AMR,SAS
659,AFR,AFR
660,EUR,EUR
661,AFR,AFR
662,EAS,SAS
663,AFR,AFR
664,SAS,SAS
665,EAS,
666,SAS,SAS
667,AFR,AFR
668,SAS,SAS
669,EAS,
670,EUR,EUR
671,SAS,SAS
672,AFR,AFR
673,SAS,SAS
674,EUR,EUR
675,AMR,AMR
676,AMR,
677,EUR,EUR
678,EAS,EAS
679,AFR,AFR
680,EUR,EUR
681,SAS,SAS
682,AFR,AFR
683,AFR,SAS
684,AFR,AFR
685,EAS,SAS
686,AFR,AFR
687,EUR,EUR
688,AFR,AFR
689,EUR,SAS
690,SAS,SAS
691,EUR,EUR
692,AMR,SAS
693,EAS,SAS
694,SAS,SAS
695,AMR,SAS
696,AFR,AFR
697,AFR,AFR
698,AFR,AFR
699,AFR,AFR
700,SAS,SAS
701,AMR,EUR
702,AFR,AFR
703,AMR,SAS
704,EAS,
705,EAS,EAS
706,EUR,EUR
707,AFR,AFR
708,SAS,SAS
709,EAS,
710,EUR,EUR
711,AMR,AMR
712,EAS,
713,AMR,
714,AFR,AFR
715,AFR,AFR
716,AFR,AFR
717,EUR,EUR
718,SAS,SAS
719,EUR,EUR
720,AMR,
721,SAS,SAS
722,EUR,EUR
723,EUR,EUR
724,AMR,
725,AMR,SAS
726,AMR,EUR
727,EUR,EUR
728,AFR,AFR
729,AMR,AMR
730,EUR,EUR
731,EAS,
732,AMR,SAS
733,EAS,
734,EAS,
735,SAS,SAS
736,SAS,SAS
737,AMR,SAS
738,AMR,
739,EUR,EUR
740,SAS,SAS
741,AFR,AFR
742,SAS,SAS
743,EUR,EUR
744,EUR,EUR
745,AFR,AFR
746,EUR,EUR
747,AMR,EUR
748,EUR,EUR
749,SAS,SAS
750,EUR,EUR
751,EUR,SAS
752,SAS,SAS
753,EUR,EUR
754,EUR,EUR
755,EAS,EAS
756,AMR,SAS
757,EUR,EUR
758,EAS,EAS
759,SAS,SAS
760,EAS,EAS
761,AFR,AFR
762,AFR,AFR
763,EUR,EUR
764,EUR,EUR
765,AFR,AFR
766,EAS,
767,AFR,AFR
768,SAS,SAS
769,EAS,EAS
770,SAS,SAS
771,AMR,EUR
772,EUR,EUR
773,AFR,AFR
774,SAS,SAS
775,SAS,SAS
776,EAS,EAS
777,AFR,AFR
778,SAS,SAS
779,SAS,SAS
780,AFR,SAS
781,SAS,SAS
782,EAS,EAS
783,SAS,SAS
784,AFR,AFR
785,EUR,EUR
786,EAS,SAS
787,AMR,EAS
788,AFR,AFR
789,AMR,AMR
790,SAS,SAS
791,EAS,EAS
792,AMR,EUR
793,EUR,EUR
794,AFR,AFR
795,EAS,EAS
796,AFR,AFR
797,EAS,
798,AFR,AFR
799,AMR,SAS
800,AMR,SAS
801,AFR,AFR
802,AFR,AFR
803,AFR,AFR
804,EAS,
805,EUR,EUR
806,EAS,SAS
807,EAS,SAS
808,AMR,EUR
809,EUR,EUR
810,SAS,SAS
811,SAS,SAS
812,EUR,EUR
813,EUR,EUR
814,AFR,AFR
815,AMR,
816,AFR,AFR
817,EUR,EUR
818,EAS,SAS
819,AFR,AFR
820,EUR,EUR
821,AFR,AFR
822,AMR,SAS
823,SAS,SAS
824,AFR,AFR
825,AMR,SAS
826,EAS,EAS
827,SAS,EUR
828,EUR,EUR
829,EAS,SAS
830,EAS,
831,SAS,SAS
832,EAS,
833,EUR,EUR
834,EUR,EUR
835,AFR,AFR
836,AMR,
837,AFR,AFR
838,AMR,EUR
839,EAS,
840,AFR,AFR
841,AMR,SAS
842,EAS,
843,AMR,SAS
844,SAS,SAS
845,AMR,AMR
846,SAS,SAS
847,SAS,SAS
848,AFR,AFR
849,AFR,AFR
850,AFR,AFR
851,AFR,AFR
852,AFR,AFR
853,AMR,AMR
854,EAS,
855,EUR,EUR
856,EAS,
857,EUR,EUR
858,EUR,EUR
859,AFR,AFR
860,AFR,AFR
861,EUR,EUR
862,AMR,SAS
863,SAS,SAS
864,SAS,SAS
865,AFR,AFR
866,EAS,SAS
867,SAS,SAS
868,EAS,EAS
869,SAS,SAS
870,EUR,EUR
871,AFR,AFR
872,AFR,AFR
873,EAS,
874,AFR,AFR
875,AMR,
876,SAS,SAS
877,EUR,EUR
878,AMR,AMR
879,EAS,SAS
880,AMR,SAS
881,AFR,AFR
882,SAS,SAS
883,AFR,AFR
884,SAS,SAS
885,AFR,AFR
886,EUR,EUR
887,SAS,SAS
888,AMR,SAS
889,EUR,EUR
890,EAS,EAS
891,EAS,EAS
892,EAS,EAS
893,AFR,AFR
894,EAS,SAS
895,AMR,
896,SAS,SAS
897,AMR,EAS
898,EAS,
899,EUR,EUR
900,AFR,AFR
901,SAS,SAS
902,EUR,EUR
903,EUR,EUR
904,EAS,
905,SAS,SAS
906,SAS,SAS
907,AFR,AFR
908,SAS,SAS
909,SAS,SAS
910,EAS,
911,AMR,SAS
912,EUR,EUR
913,SAS,SAS
914,SAS,SAS
915,EUR,EUR
916,EUR,EUR
917,AFR,AFR
918,AFR,AFR
919,EAS,
920,EUR,EUR
921,AFR,AFR
922,EUR,EUR
923,AFR,AFR
924,SAS,SAS
925,AFR,AFR
926,EAS,SAS
927,EAS,EAS
928,EAS,SAS
929,EAS,
930,EUR,EUR
931,SAS,SAS
932,AFR,AFR
933,SAS,SAS
934,EAS,
935,EAS,
936,AFR,AFR
937,AFR,AFR
938,AFR,AFR
939,EUR,EUR
940,EAS,EAS
941,EAS,EAS
942,EUR,EUR
943,EAS,SAS
944,AMR,EAS
945,AFR,AFR
946,AFR,AFR
947,AFR,AFR
948,AMR,EUR
949,EUR,EUR
950,EAS,EAS
951,EAS,EAS
952,AFR,AFR
953,EAS,
954,EAS,EAS
955,EUR,EUR
956,AFR,AFR
957,EUR,EUR
958,EUR,EUR
959,AFR,AFR
960,SAS,SAS
961,AFR,SAS
962,AMR,EAS
963,SAS,SAS
964,AFR,AFR
965,EAS,
966,AFR,SAS
967,SAS,SAS
968,SAS,SAS
969,EUR,EUR
970,EUR,EUR
971,SAS,SAS
972,SAS,SAS
973,AFR,AFR
974,AFR,SAS
975,SAS,SAS
976,AMR,SAS
977,EUR,EUR
978,EUR,EUR
979,SAS,SAS
980,EUR,EUR
981,EAS,SAS
982,EUR,EUR
983,AFR,AFR
984,EAS,
985,AMR,AMR
986,EAS,EAS
987,SAS,SAS
988,SAS,SAS
989,EUR,EUR
990,EUR,EUR
991,AFR,AFR
992,EAS,EAS
993,SAS,SAS
994,AFR,AFR
995,EAS,EAS
996,AMR,SAS
997,AFR,AFR
998,EUR,SAS
999,AFR,AFR
1000,SAS,SAS
1001,SAS,SAS
1002,SAS,SAS
1003,EAS,SAS
1004,EUR,EUR
1005,SAS,SAS
1006,AFR,AFR
1007,SAS,SAS
1008,EAS,SAS
1009,EAS,
1010,AMR,
1011,EAS,
1012,EUR,EUR
1013,EUR,EUR
1014,AFR,SAS
1015,EAS,EAS
1016,AFR,AFR
1017,AFR,AFR
1018,AFR,AFR
1019,SAS,SAS
1020,EAS,SAS
1021,AMR,
1022,EUR,EUR
1023,AMR,SAS
1024,SAS,SAS
1025,AMR,EUR
1026,AFR,AFR
1027,SAS,SAS
1028,AFR,AFR
1029,AFR,AFR
1030,EAS,
1031,AFR,AFR
1032,SAS,SAS
1033,AFR,AFR
1034,EUR,EUR
1035,AMR,SAS
1036,EAS,EAS
1037,EUR,EUR
1038,EUR,EUR
1039,EUR,EUR
1040,EAS,EAS
1041,SAS,SAS
1042,AFR,AFR
1043,EUR,EUR
1044,AFR,AFR
1045,AFR,AFR
1046,EAS,EAS
1047,EUR,EUR
1048,EAS,
1049,SAS,SAS
1050,SAS,SAS
1051,AFR,AFR
1052,EAS,
1053,EAS,SAS
1054,EUR,EUR
1055,EUR,EUR
1056,SAS,SAS
1057,EUR,EUR
1058,AFR,AFR
1059,AFR,AFR
1060,EAS,SAS
1061,SAS,SAS
1062,EUR,EUR
1063,AMR,SAS
1064,EAS,
1065,SAS,SAS
1066,EAS,
1067,EUR,EUR
1068,SAS,SAS
1069,EAS,EAS
1070,EAS,
1071,EAS,
1072,SAS,SAS
1073,AMR,EUR
1074,AFR,AFR
1075,EAS,SAS
1076,AFR,AFR
1077,AFR,AFR
1078,EUR,EUR
1079,EAS,SAS
1080,AFR,AFR
1081,AFR,AFR
1082,AFR,SAS
1083,EUR,EUR
1084,EAS,EAS
1085,EUR,EUR
1086,AMR,SAS
1087,AFR,AFR
1088,EAS,
1089,EUR,EUR
1090,EUR,EUR
1091,AFR,AFR
1092,AMR,SAS
1093,SAS,SAS
1094,EAS,EAS
1095,AMR,
1096,SAS,SAS
1097,EUR,EUR
1098,AMR,SAS
1099,SAS,SAS
1100,EAS,EAS
1101,AFR,AFR
1102,AFR,AFR
1103,EAS,EAS
1104,AFR,AFR
1105,EAS,EAS
1106,AFR,AFR
1107,AFR,AFR
1108,EAS,
1109,EAS,
1110,AFR,AFR
1111,AFR,AFR
1112,EAS,
1113,SAS,SAS
1114,AFR,AFR
1115,AFR,AFR
1116,SAS,SAS
1117,EUR,EUR
1118,AFR,AFR
1119,EAS,EAS
1120,EUR,EUR
1121,AFR,AFR
1122,EUR,EUR
1123,EAS,EAS
1124,SAS,SAS
1125,EUR,EUR
1126,AFR,AFR
1127,AFR,AFR
1128,AFR,AFR
1129,AFR,AFR
1130,SAS,SAS
1131,AFR,AFR
1132,AFR,AFR
1133,SAS,SAS
1134,EAS,
1135,AFR,AFR
1136,EUR,EUR
1137,EUR,EUR
1138,SAS,SAS
1139,SAS,SAS
1140,AFR,AFR
1141,AMR,EUR
1142,AMR,SAS
1143,AFR,SAS
1144,AMR,
1145,EUR,EUR
1146,SAS,SAS
1147,AFR,AFR
1148,EAS,SAS
1149,AFR,AFR
1150,EUR,EUR
1151,EAS,
1152,AMR,AMR
1153,EAS,
1154,EUR,EUR
1155,EAS,EAS
1156,EAS,SAS
1157,AMR,SAS
1158,AMR,SAS
1159,AMR,SAS
1160,EAS,
1161,EUR,EUR
1162,EUR,EUR
1163,AFR,AFR
1164,EUR,EUR
1165,AMR,EUR
1166,EAS,EAS
1167,AMR,EUR
1168,SAS,SAS
1169,AMR,
1170,SAS,SAS
1171,EAS,
1172,AFR,AFR
1173,AFR,AFR
1174,EUR,EUR
1175,AMR,SAS
1176,AFR,AFR
1177,SAS,SAS
1178,EUR,EUR
1179,SAS,SAS
1180,AFR,AFR
1181,AFR,AFR
1182,AFR,AFR
1183,EUR,EUR
1184,EAS,EAS
1185,SAS,SAS
1186,EUR,EUR
1187,EUR,EUR
1188,SAS,SAS
1189,EUR,EUR
1190,AMR,SAS
1191,SAS,SAS
1192,AMR,SAS
1193,AFR,AFR
1194,AFR,AFR
1195,AFR,AFR
1196,EAS,
1197,SAS,SAS
1198,EAS,EAS
1199,AFR,AFR
1200,AFR,AFR
1201,EAS,
1202,EUR,EUR
1203,EAS,
1204,AMR,SAS
1205,EUR,EUR
1206,SAS,SAS
1207,AMR,SAS
1208,AFR,AFR
1209,AFR,AFR
1210,SAS,SAS
1211,EUR,EUR
1212,EAS,
1213,EAS,
1214,AFR,AFR
1215,AMR,SAS
1216,AFR,AFR
1217,AMR,SAS
1218,AMR,EAS
1219,AFR,AFR
1220,AMR,SAS
1221,SAS,SAS
1222,AFR,AFR
1223,EUR,EUR
1224,EUR,EUR
1225,EAS,
1226,EAS,EAS
1227,SAS,SAS
1228,AFR,AFR
1229,AFR,AFR
1230,AFR,AFR
1231,AMR,SAS
1232,EAS,EAS
1233,EUR,EUR
1234,EUR,EUR
1235,AFR,AFR
1236,SAS,SAS
1237,EAS,EAS
1238,SAS,SAS
1239,AFR,AFR
1240,SAS,SAS
1241,AFR,AFR
1242,AFR,AFR
1243,EUR,EUR
1244,AFR,AFR
1245,EUR,EUR
1246,AFR,AFR
1247,EUR,EUR
1248,EUR,EUR
1249,AMR,SAS
1250,AMR,SAS
1251,EAS,SAS
1252,EUR,EUR
1253,AFR,AFR
1254,SAS,SAS
1255,EUR,EUR
1256,EUR,EUR
1257,SAS,EUR
1258,AFR,SAS
1259,AMR,AMR
1260,AFR,AFR
1261,SAS,SAS
1262,AFR,AFR
1263,AFR,SAS
1264,EAS,SAS
1265,EUR,EUR
1266,EUR,EUR
1267,SAS,SAS
1268,AFR,SAS
1269,AMR,SAS
1270,AMR,
1271,AFR,AFR
1272,AMR,
1273,SAS,SAS
1274,SAS,SAS
1275,EAS,EAS
1276,EAS,
1277,SAS,SAS
1278,EAS,
1279,AMR,SAS
1280,AMR,SAS
1281,AFR,AFR
1282,EUR,EUR
1283,SAS,SAS
1284,SAS,SAS
1285,AMR,SAS
1286,SAS,SAS
1287,EUR,EUR
1288,AFR,AFR
1289,AFR,AFR
1290,SAS,SAS
1291,EUR,EUR
1292,EUR,EUR
1293,SAS,SAS
1294,SAS,SAS
1295,AMR,EAS
1296,EUR,EUR
1297,AMR,SAS
1298,EAS,
1299,EAS,
1300,AFR,AFR
1301,EUR,EUR
1302,SAS,SAS
1303,AFR,AFR
1304,AMR,SAS
1305,AMR,EUR
1306,SAS,SAS
1307,SAS,SAS
1308,SAS,SAS
1309,SAS,SAS
1310,AFR,AFR
1311,AFR,AFR
1312,EAS,EAS
1313,EUR,EUR
1314,EUR,EUR
1315,AFR,AFR
1316,EUR,EUR
1317,EUR,EUR
1318,SAS,SAS
1319,AMR,EAS
1320,EAS,EAS
1321,AFR,AFR
1322,AFR,AFR
1323,EUR,EUR
1324,SAS,SAS
1325,SAS,SAS
1326,AMR,EUR
1327,AMR,
1328,SAS,SAS
1329,SAS,SAS
1330,AFR,AFR
1331,SAS,SAS
1332,AMR,SAS
1333,EAS,
1334,EUR,EUR
1335,EUR,EUR
1336,SAS,SAS
1337,SAS,SAS
1338,EAS,EAS
1339,EAS,SAS
1340,EUR,SAS
1341,EAS,EAS
1342,AMR,SAS
1343,SAS,SAS
1344,EAS,SAS
1345,EUR,EUR
1346,AMR,SAS
1347,EUR,EUR
1348,AMR,SAS
1349,EAS,
1350,EAS,
1351,EUR,EUR
1352,EUR,EUR
1353,EAS,
1354,EAS,EAS
1355,EAS,SAS
1356,AFR,AFR
1357,AMR,SAS
1358,AMR,AMR
1359,AMR,SAS
1360,AMR,SAS
1361,AFR,AFR
1362,EUR,EUR
1363,AFR,SAS
1364,SAS,SAS
1365,SAS,SAS
1366,EAS,EAS
1367,AMR,EUR
1368,AFR,AFR
1369,AFR,AFR
1370,AFR,AFR
1371,AFR,SAS
1372,AFR,AFR
1373,AFR,AFR
1374,AFR,AFR
1375,AMR,
1376,EUR,EUR
1377,EUR,EUR
1378,EUR,EUR
1379,AMR,SAS
1380,EAS,
1381,AMR,SAS
1382,AMR,
1383,EAS,EAS
1384,AFR,AFR
1385,AFR,AFR
1386,EUR,EUR
1387,AMR,EUR
1388,AMR,EUR
1389,SAS,SAS
1390,EUR,EUR
1391,EAS,SAS
1392,AMR,SAS
1393,AFR,AFR
1394,AFR,AFR
1395,EAS,EAS
1396,SAS,SAS
1397,EAS,EAS
1398,SAS,SAS
1399,AFR,AFR
1400,EAS,EAS
1401,EUR,EUR
1402,AFR,AFR
1403,EUR,EUR
1404,AMR,SAS
1405,EAS,
1406,EAS,
1407,EAS,EAS
1408,AFR,AFR
1409,SAS,SAS
1410,AMR,SAS
1411,AFR,AFR
1412,AFR,AFR
1413,AFR,AFR
1414,EUR,EUR
1415,EUR,EUR
1416,AMR,EUR
1417,AFR,AFR
1418,SAS,SAS
1419,EUR,EUR
1420,AFR,SAS
1421,EAS,EAS
1422,SAS,SAS
1423,EUR,EUR
1424,AFR,AFR
1425,AFR,AFR
1426,SAS,SAS
1427,SAS,SAS
1428,EAS,SAS
1429,EUR,EUR
1430,AFR,SAS
1431,EAS,EAS
1432,AFR,AFR
1433,SAS,SAS
1434,SAS,SAS
1435,AFR,SAS
1436,SAS,SAS
1437,EAS,SAS
1438,AFR,AFR
1439,AFR,AFR
1440,SAS,SAS
1441,AFR,AFR
1442,SAS,SAS
1443,EAS,EAS
1444,AFR,AFR
1445,EUR,EUR
1446,AFR,AFR
1447,AMR,SAS
1448,EAS,SAS
1449,EUR,EUR
1450,EAS,EAS
1451,EUR,EUR
1452,SAS,SAS
1453,SAS,SAS
1454,EUR,EUR
1455,EAS,EAS
1456,SAS,SAS
1457,AFR,AFR
1458,AFR,AFR
1459,AFR,AFR
1460,AFR,AFR
1461,EAS,EAS
1462,AMR,SAS
1463,SAS,SAS
1464,EUR,EUR
1465,EAS,EAS
1466,SAS,SAS
1467,EUR,EUR
1468,EAS,EAS
1469,AMR,SAS
1470,EAS,SAS
1471,SAS,SAS
1472,AFR,AFR
1473,AFR,AFR
1474,EUR,EUR
1475,AFR,AFR
1476,AFR,AFR
1477,EUR,EUR
1478,EAS,SAS
1479,SAS,SAS
1480,EUR,EUR
1481,EAS,
1482,AMR,SAS
1483,AMR,AMR
1484,AFR,SAS
1485,EAS,
1486,EAS,EAS
1487,EUR,EUR
1488,EAS,
1489,SAS,SAS
1490,AFR,AFR
1491,SAS,SAS
1492,EAS,EAS
1493,AFR,AFR
1494,AFR,AFR
1495,EUR,EUR
1496,AMR,
1497,SAS,SAS
1498,AFR,AFR
1499,EAS,
1500,SAS,SAS
1501,EAS,EAS
1502,AMR,EUR
1503,AMR,
1504,EUR,EUR
1505,SAS,SAS
1506,EUR,EUR
1507,EAS,EAS
1508,EAS,SAS
1509,AFR,AFR
1510,SAS,SAS
1511,AFR,AFR
1512,EUR,EUR
1513,EUR,EUR
1514,AMR,AMR
1515,EAS,
1516,EUR,EUR
1517,EAS,
1518,EUR,EUR
1519,AMR,SAS
1520,EUR,EUR
1521,EAS,
1522,AFR,AFR
1523,EAS,EAS
1524,AFR,AFR
1525,AFR,AFR
1526,AMR,EUR
1527,SAS,SAS
1528,AFR,AFR
1529,EAS,SAS
1530,EAS,EAS
1531,AFR,AFR
1532,EUR,EUR
1533,AMR,EAS
1534,AFR,AFR
1535,AFR,SAS
1536,AFR,AFR
1537,AFR,AFR
1538,EAS,SAS
1539,SAS,SAS
1540,AFR,AFR
1541,SAS,SAS
1542,EAS,
1543,AMR,EUR
1544,EUR,EUR
1545,AMR,EUR
1546,SAS,SAS
1547,AFR,AFR
1548,EAS,
1549,EAS,EAS
1550,AFR,AFR
1551,EUR,EUR
1552,EAS,EAS
1553,AFR,AFR
1554,EAS,EAS
1555,EUR,EUR
1556,EUR,EUR
1557,AMR,SAS
1558,EUR,EUR
1559,EAS,
1560,EAS,SAS
1561,AFR,AFR
1562,AFR,AFR
1563,SAS,SAS
1564,AFR,AFR
1565,SAS,SAS
1566,EUR,EUR
1567,EAS,SAS
1568,EUR,EUR
1569,SAS,SAS
1570,EAS,EAS
1571,AMR,SAS
1572,AFR,AFR
1573,EAS,SAS
1574,EAS,EAS
1575,SAS,SAS
1576,AFR,AFR
1577,AFR,AFR
1578,AFR,AFR
1579,EAS,
1580,AFR,AFR
1581,EUR,EUR
1582,EAS,SAS
1583,EUR,EUR
1584,AFR,AFR
1585,AMR,EUR
1586,AFR,AFR
1587,AFR,AFR
1588,AFR,AFR
1589,EUR,EUR
1590,SAS,SAS
1591,AFR,AFR
1592,SAS,SAS
1593,AMR,
1594,EUR,EUR
1595,EAS,EAS
1596,AFR,AFR
1597,EAS,EAS
1598,SAS,SAS
1599,EUR,EUR
1600,EUR,EUR
1601,AFR,AFR
1602,EAS,
1603,AMR,SAS
1604,AFR,AFR
1605,EUR,EUR
1606,AMR,SAS
1607,AFR,AFR
1608,AMR,SAS
1609,SAS,SAS
1610,AFR,AFR
1611,AFR,AFR
1612,EUR,EUR
1613,AMR,EAS
1614,AMR,SAS
1615,SAS,SAS
1616,AFR,AFR
1617,EAS,EAS
1618,EUR,EUR
1619,AMR,SAS
1620,AFR,AFR
1621,EUR,EUR
1622,EAS,
1623,AMR,EUR
1624,SAS,SAS
1625,SAS,SAS
1626,EUR,EUR
1627,EUR,EUR
1628,EAS,
1629,EUR,EUR
1630,AMR,SAS
1631,SAS,SAS
1632,SAS,SAS
1633,AFR,AFR
1634,SAS,SAS
1635,SAS,SAS
1636,AMR,SAS
1637,AFR,AFR
1638,EUR,EUR
1639,AFR,AFR
1640,AFR,SAS
1641,SAS,SAS
1642,EAS,EAS
1643,AMR,EUR
1644,AFR,AFR
1645,AFR,AFR
1646,EUR,EUR
1647,EAS,SAS
1648,EUR,EUR
1649,SAS,SAS
1650,AMR,SAS
1651,EUR,EUR
1652,AFR,AFR
1653,EAS,SAS
1654,EUR,EUR
1655,AFR,AFR
1656,AFR,AFR
1657,SAS,SAS
1658,EAS,EAS
1659,AFR,AFR
1660,AFR,AFR
1661,SAS,SAS
1662,EUR,EUR
1663,EUR,EUR
1664,AFR,AFR
1665,AFR,AFR
1666,EUR,EUR
1667,SAS,SAS
1668,AFR,AFR
1669,AFR,AFR
1670,SAS,SAS
1671,EAS,SAS
1672,AFR,AFR
1673,AFR,AFR
1674,EAS,SAS
1675,SAS,SAS
1676,AFR,AFR
1677,EUR,EUR
1678,EUR,EUR
1679,AMR,SAS
1680,EAS,SAS
1681,EAS,
1682,EUR,EUR
1683,SAS,SAS
1684,AFR,AFR
1685,SAS,SAS
1686,EUR,EUR
1687,AFR,AFR
1688,AFR,AFR
1689,SAS,SAS
1690,SAS,SAS
1691,SAS,SAS
1692,SAS,SAS
1693,SAS,SAS
1694,EAS,
1695,SAS,SAS
1696,EAS,
1697,SAS,SAS
1698,AFR,AFR
1699,EAS,SAS
1700,AFR,AFR
1701,AFR,AFR
1702,EAS,EAS
1703,AFR,AFR
1704,AMR,SAS
1705,AMR,SAS
1706,SAS,SAS
1707,AFR,AFR
1708,AMR,AMR
1709,AMR,
1710,SAS,SAS
1711,SAS,SAS
1712,SAS,SAS
1713,EUR,EUR
1714,EAS,
1715,EAS,EAS
1716,EUR,EUR
1717,EUR,EUR
1718,AFR,AFR
1719,AMR,EUR
1720,SAS,SAS
1721,EUR,EUR
1722,EUR,EUR
1723,EUR,EUR
1724,AMR,SAS
1725,AFR,AFR
1726,AMR,EUR
1727,AMR,
1728,AFR,AFR
1729,EAS,EAS
1730,SAS,SAS
1731,EAS,
1732,EUR,EUR
1733,AFR,AFR
1734,SAS,SAS
1735,SAS,SAS
1736,AFR,AFR
1737,SAS,SAS
1738,AFR,AFR
1739,EAS,
1740,EAS,
1741,SAS,SAS
1742,AMR,SAS
1743,SAS,SAS
1744,EUR,EUR
1745,AMR,SAS
1746,SAS,SAS
1747,EUR,EUR
1748,SAS,SAS
1749,AFR,AFR
1750,AFR,AFR
1751,AMR,
1752,SAS,SAS
1753,EUR,EUR
1754,AMR,EUR
1755,SAS,SAS
1756,EUR,EUR
1757,EUR,EUR
1758,SAS,SAS
1759,AFR,AFR
1760,EUR,EUR
1761,SAS,SAS
1762,SAS,SAS
1763,AMR,SAS
1764,AMR,SAS
1765,AMR,EUR
1766,AFR,AFR
1767,AMR,SAS
1768,EUR,EUR
1769,AFR,SAS
1770,SAS,SAS
1771,SAS,SAS
1772,EUR,EUR
1773,SAS,SAS
1774,EAS,SAS
1775,EUR,EUR
1776,AFR,AFR
1777,EUR,EUR
1778,EAS,EAS
1779,AFR,AFR
1780,EAS,
1781,EUR,EUR
1782,AFR,AFR
1783,SAS,SAS
1784,SAS,SAS
1785,SAS,SAS
1786,SAS,SAS
1787,AFR,AFR
1788,SAS,SAS
1789,AFR,AFR
1790,EAS,
1791,EUR,EUR
1792,AFR,SAS
1793,EUR,EUR
1794,SAS,SAS
1795,AFR,AFR
1796,AMR,
1797,EUR,EUR
1798,SAS,SAS
1799,EUR,EUR
1800,EAS,SAS
1801,AFR,AFR
1802,AFR,AFR
1803,EUR,EUR
1804,AMR,EUR
1805,EAS,EAS
1806,EUR,EUR
1807,EUR,EUR
1808,AFR,SAS
1809,AFR,AFR
1810,EAS,SAS
1811,EAS,
1812,EUR,EUR
1813,AMR,SAS
1814,EAS,EAS
1815,EAS,
1816,AMR,EUR
1817,AFR,AFR
1818,EUR,EUR
1819,EUR,EUR
1820,SAS,SAS
1821,EUR,EUR
1822,EAS,
1823,EUR,EUR
1824,EAS,EAS
1825,EAS,
1826,SAS,SAS
1827,EAS,
1828,AMR,SAS
1829,EAS,EAS
1830,SAS,SAS
1831,EUR,EUR
1832,EUR,EUR
1833,SAS,SAS
1834,SAS,SAS
1835,EUR,EUR
1836,AMR,AMR
1837,AMR,EUR
1838,AMR,AMR
1839,EUR,EUR
1840,AMR,
1841,AFR,AFR
1842,AFR,AFR
1843,SAS,SAS
1844,SAS,SAS
1845,EAS,EAS
1846,SAS,SAS
1847,AFR,AFR
1848,AFR,AFR
1849,EUR,EUR
1850,SAS,SAS
1851,AFR,AFR
1852,AMR,AMR
1853,SAS,SAS
1854,SAS,SAS
1855,AFR,AFR
1856,AFR,AFR
1857,EAS,SAS
1858,SAS,SAS
1859,EAS,
1860,AFR,AFR
1861,AFR,AFR
1862,EUR,EUR
1863,AMR,EUR
1864,AMR,EUR
1865,EAS,
1866,AFR,AFR
1867,EAS,SAS
1868,AFR,SAS
1869,AMR,EUR
1870,EUR,EUR
1871,AMR,EUR
1872,SAS,SAS
1873,SAS,SAS
1874,SAS,SAS
1875,EAS,EAS
1876,SAS,SAS
1877,SAS,SAS
1878,AMR,SAS
1879,AFR,AFR
1880,SAS,SAS
1881,AFR,AFR
1882,EUR,EUR
1883,EAS,EAS
1884,AFR,AFR
1885,SAS,SAS
1886,EAS,SAS
1887,AMR,EUR
1888,EAS,
1889,EUR,EUR
1890,EUR,EUR
1891,AFR,AFR
1892,AMR,SAS
1893,EAS,SAS
1894,AFR,AFR
1895,EAS,EAS
1896,AMR,SAS
1897,EAS,EAS
1898,SAS,SAS
1899,AFR,AFR
1900,AMR,EUR
1901,AFR,AFR
1902,AFR,AFR
1903,AFR,AFR
1904,EAS,SAS
1905,EAS,EAS
1906,EUR,EUR
1907,SAS,SAS
1908,AFR,AFR
1909,AFR,AFR
1910,EUR,EUR
1911,SAS,SAS
1912,EAS,SAS
1913,AFR,AFR
1914,AFR,AFR
1915,EUR,EUR
1916,AMR,EUR
1917,SAS,SAS
1918,SAS,SAS
1919,AMR,SAS
1920,SAS,SAS
1921,AMR,AMR
1922,EUR,EUR
1923,SAS,SAS
1924,SAS,SAS
1925,AFR,AFR
1926,SAS,SAS
1927,EAS,EAS
1928,EAS,SAS
1929,AMR,SAS
1930,AFR,AFR
1931,AFR,AFR
1932,SAS,SAS
1933,SAS,SAS
1934,SAS,SAS
1935,EUR,EUR
1936,AFR,AFR
1937,EAS,
1938,EUR,EUR
1939,EUR,EUR
1940,SAS,SAS
1941,EUR,EUR
1942,AMR,SAS
1943,SAS,SAS
1944,EAS,EAS
1945,AMR,SAS
1946,EAS,
1947,EAS,EAS
1948,SAS,SAS
1949,EUR,EUR
1950,AFR,AFR
1951,SAS,SAS
1952,EAS,EAS
1953,AMR,SAS
1954,AMR,AMR
1955,EUR,EUR
1956,EAS,
1957,SAS,SAS
1958,SAS,SAS
1959,EAS,
1960,AFR,AFR
1961,EAS,
1962,SAS,SAS
1963,EAS,EAS
1964,EAS,
1965,AMR,AMR
1966,EUR,EUR
1967,EAS,SAS
1968,AFR,AFR
1969,EAS,SAS
1970,SAS,SAS
1971,SAS,SAS
1972,EUR,EUR
1973,AMR,SAS
1974,EUR,EUR
1975,SAS,SAS
1976,EUR,EUR
1977,EAS,
1978,EAS,
1979,EAS,EAS
1980,AFR,AFR
1981,SAS,SAS
1982,EAS,
1983,SAS,SAS
1984,AMR,AMR
1985,EUR,EUR
1986,AMR,
1987,EAS,SAS
1988,EAS,EAS
1989,EUR,EUR
1990,EAS,SAS
1991,AFR,AFR
1992,SAS,SAS
1993,EUR,EUR
1994,SAS,SAS
1995,SAS,SAS
1996,EAS,EAS
1997,AMR,EUR
1998,AFR,AFR
1999,EAS,
2000,AFR,AFR
2001,AFR,AFR
2002,AFR,AFR
2003,EUR,EUR
2004,SAS,SAS
2005,EUR,EUR
2006,EUR,EUR
2007,AMR,EAS
2008,EAS,EAS
2009,AFR,AFR
2010,AMR,EUR
2011,EUR,EUR
2012,EUR,EUR
2013,EAS,EAS
2014,AFR,AFR
2015,SAS,SAS
2016,AFR,AFR
2017,AFR,AFR
2018,EUR,EUR
2019,AMR,EUR
2020,SAS,SAS
2021,AMR,SAS
2022,AFR,AFR
2023,SAS,SAS
2024,AFR,AFR
2025,EUR,EUR
2026,EUR,EUR
2027,EAS,
2028,AMR,EAS
2029,AFR,AFR
2030,EUR,EUR
2031,EAS,EAS
2032,AFR,AFR
2033,EUR,EUR
2034,EAS,
2035,SAS,SAS
2036,AFR,AFR
2037,AFR,AFR
2038,EUR,EUR
2039,AFR,AFR
2040,EAS,
2041,AMR,SAS
2042,AFR,AFR
2043,AFR,AFR
2044,AFR,AFR
2045,AFR,AFR
2046,EAS,
2047,AFR,AFR
2048,AFR,AFR
2049,EAS,EAS
2050,SAS,SAS
2051,EAS,EAS
2052,SAS,SAS
2053,SAS,SAS
2054,AFR,AFR
2055,AFR,AFR
2056,EUR,EUR
2057,EAS,SAS
2058,AMR,EUR
2059,EAS,
2060,SAS,SAS
2061,AFR,AFR
2062,AFR,AFR
2063,EUR,EUR
2064,AFR,AFR
2065,AFR,AFR
2066,SAS,SAS
2067,AFR,AFR
2068,EUR,EUR
2069,EAS,SAS
2070,AFR,AFR
2071,EAS,
2072,AFR,AFR
2073,AFR,SAS
2074,EAS,SAS
2075,AMR,
2076,SAS,SAS
2077,EAS,
2078,SAS,SAS
2079,EUR,EUR
2080,EUR,EUR
2081,EUR,EUR
2082,EAS,
2083,EAS,SAS
2084,AMR,EAS
2085,SAS,SAS
2086,EAS,EAS
2087,EUR,EUR
2088,EUR,EUR
2089,SAS,SAS
2090,SAS,SAS
2091,EUR,EUR
2092,AMR,SAS
2093,EAS,
2094,AFR,AFR
2095,AMR,SAS
2096,AMR,
2097,AMR,SAS
2098,EAS,SAS
2099,AMR,SAS
2100,SAS,SAS
2101,AFR,AFR
2102,SAS,SAS
2103,EUR,EUR
2104,EAS,
2105,AFR,AFR
2106,EAS,EAS
2107,EAS,EAS
2108,AFR,AFR
2109,EAS,SAS
2110,EUR,EUR
2111,SAS,SAS
2112,EAS,
2113,AFR,AFR
2114,AFR,AFR
2115,EUR,EUR
2116,EUR,EUR
2117,AFR,AFR
2118,SAS,SAS
2119,AFR,AFR
2120,AFR,SAS
2121,AFR,AFR
2122,EAS,SAS
2123,EAS,EAS
2124,EAS,SAS
2125,AFR,AFR
2126,EUR,EUR
2127,AMR,
2128,AMR,SAS
2129,EAS,
2130,AFR,AFR
2131,EUR,EUR
2132,EUR,EUR
2133,EAS,
2134,EAS,EAS
2135,AFR,AFR
2136,EUR,EUR
2137,EAS,
2138,SAS,SAS
2139,EAS,
2140,EUR,EUR
2141,AFR,AFR
2142,EAS,
2143,AFR,AFR
2144,SAS,SAS
2145,AFR,AFR
2146,EAS,SAS
2147,EUR,EUR
2148,AMR,SAS
2149,EUR,EUR
2150,AFR,AFR
2151,EAS,SAS
2152,AFR,AFR
2153,AFR,AFR
2154,EUR,EUR
2155,AFR,AFR
2156,EAS,SAS
2157,AFR,AFR
2158,EUR,EUR
2159,AFR,AFR
2160,EAS,
2161,SAS,SAS
2162,SAS,SAS
2163,EAS,EAS
2164,EUR,EUR
2165,EAS,
2166,EUR,EUR
2167,AMR,EUR
2168,EUR,EUR
2169,EAS,
2170,EUR,EUR
2171,SAS,SAS
2172,EAS,
2173,EUR,EUR
2174,AFR,AFR
2175,AMR,SAS
2176,EUR,EUR
2177,AMR,SAS
2178,EAS,
2179,AFR,AFR
2180,AMR,SAS
2181,SAS,SAS
2182,SAS,SAS
2183,EAS,SAS
2184,SAS,SAS
2185,EUR,EUR
2186,SAS,SAS
2187,AFR,AFR
2188,EAS,EAS
2189,AMR,
2190,AFR,AFR
2191,AFR,AFR
2192,EUR,EUR
2193,AFR,AFR
2194,SAS,SAS
2195,EAS,
2196,EAS,
2197,EAS,EAS
2198,AMR,
2199,SAS,SAS
2200,AMR,
2201,AFR,AFR
2202,EAS,
2203,AFR,AFR
2204,AFR,AFR
2205,EUR,EUR
2206,AFR,AFR
2207,EAS,
2208,AMR,SAS
2209,AFR,AFR
2210,AFR,AFR
2211,SAS,SAS
2212,AFR,AFR
2213,AMR,SAS
2214,AMR,AMR
2215,EUR,EUR
2216,EUR,EUR
2217,AFR,AFR
2218,EAS,EAS
2219,AFR,SAS
2220,SAS,SAS
2221,AFR,AFR
2222,EUR,EUR
2223,EAS,
2224,EAS,EAS
2225,EUR,EUR
2226,EAS,EAS
2227,SAS,SAS
2228,AMR,SAS
2229,SAS,SAS
2230,EAS,EAS
2231,AMR,SAS
2232,AMR,AMR
2233,EAS,SAS
2234,AMR,SAS
2235,EAS,EAS
2236,AMR,SAS
2237,SAS,SAS
2238,SAS,SAS
2239,EUR,EUR
2240,AFR,AFR
2241,EAS,EAS
2242,EUR,EUR
2243,EAS,SAS
2244,EUR,EUR
2245,AFR,AFR
2246,EUR,EUR
2247,SAS,SAS
2248,AFR,AFR
2249,EUR,EUR
2250,AFR,AFR
2251,AMR,SAS
2252,EAS,EAS
2253,AFR,AFR
2254,AMR,SAS
2255,SAS,SAS
2256,SAS,SAS
2257,SAS,SAS
2258,EUR,EUR
2259,EAS,EAS
2260,AMR,
2261,EAS,
2262,AFR,AFR
2263,EAS,
2264,EUR,EUR
2265,EAS,
2266,AFR,AFR
2267,AMR,
2268,SAS,SAS
2269,AFR,AFR
2270,AFR,AFR
2271,AMR,AMR
2272,AFR,AFR
2273,EUR,EUR
2274,SAS,SAS
2275,EUR,EUR
2276,EAS,SAS
2277,AFR,AFR
2278,SAS,SAS
2279,AFR,AFR
2280,AMR,EUR
2281,AFR,AFR
2282,AFR,AFR
2283,AFR,AFR
2284,EAS,
2285,SAS,SAS
2286,EAS,EAS
2287,AFR,AFR
2288,EUR,EUR
2289,AMR,SAS
2290,AFR,AFR
2291,AMR,EUR
2292,EUR,EUR
2293,AFR,AFR
2294,AFR,AFR
2295,EAS,SAS
2296,EAS,
2297,SAS,SAS
2298,AMR,SAS
2299,EAS,
2300,AFR,AFR
2301,AFR,AFR
2302,EUR,EUR
2303,EAS,EAS
2304,AFR,AFR
2305,EAS,SAS
2306,EAS,SAS
2307,SAS,SAS
2308,SAS,SAS
2309,AFR,AFR
2310,EAS,
2311,EAS,SAS
2312,AFR,AFR
2313,EUR,EUR
2314,SAS,SAS
2315,EAS,EAS
2316,SAS,SAS
2317,SAS,SAS
2318,EAS,SAS
2319,SAS,SAS
2320,AFR,SAS
2321,EUR,EUR
2322,AMR,
2323,AFR,AFR
2324,EUR,EUR
2325,AMR,EUR
2326,EUR,EUR
2327,SAS,SAS
2328,AMR,EUR
2329,EUR,EUR
2330,EUR,EUR
2331,SAS,SAS
2332,SAS,SAS
2333,EUR,EUR
2334,EUR,EUR
2335,SAS,SAS
2336,AFR,AFR
2337,EAS,SAS
2338,SAS,SAS
2339,AFR,AFR
2340,AFR,AFR
2341,SAS,SAS
2342,AMR,AMR
2343,AFR,AFR
2344,EAS,EAS
2345,EUR,EUR
2346,SAS,SAS
2347,EUR,EUR
2348,AFR,AFR
2349,AMR,SAS
2350,EUR,EUR
2351,EAS,
2352,EAS,EAS
2353,AMR,SAS
2354,AFR,AFR
2355,AFR,AFR
2356,EAS,
2357,AMR,SAS
2358,EUR,EUR
2359,AMR,EUR
2360,SAS,SAS
2361,EAS,
2362,EUR,EUR
2363,EUR,EUR
2364,EUR,EUR
2365,EAS,EAS
2366,AFR,AFR
2367,SAS,SAS
2368,EUR,EUR
2369,AFR,AFR
2370,AFR,AFR
2371,AFR,AFR
2372,SAS,SAS
2373,SAS,SAS
2374,AMR,AMR
2375,EUR,EUR
2376,SAS,SAS
2377,AFR,AFR
2378,EAS,EAS
2379,AFR,AFR
2380,AMR,SAS
2381,AMR,EUR
2382,EAS,EAS
2383,EUR,EUR
2384,AFR,AFR
2385,AFR,SAS
2386,AFR,AFR
2387,EUR,EUR
2388,SAS,SAS
2389,AFR,SAS
2390,AFR,AFR
2391,EAS,
2392,EAS,EAS
2393,SAS,SAS
2394,AFR,AFR
2395,EUR,EUR
2396,AMR,EAS
2397,AFR,AFR
2398,AFR,AFR
2399,EAS,
2400,EAS,EAS
2401,EUR,EUR
2402,AFR,AFR
2403,AFR,AFR
2404,AFR,AFR
2405,AFR,AFR
2406,EAS,SAS
2407,EUR,EUR
2408,AFR,AFR
2409,AMR,EUR
2410,AMR,SAS
2411,SAS,SAS
2412,SAS,SAS
2413,SAS,SAS
2414,SAS,SAS
2415,EAS,EAS
2416,SAS,SAS
2417,AFR,AFR
2418,SAS,SAS
2419,EUR,EUR
2420,AFR,AFR
2421,EAS,
2422,SAS,SAS
2423,EAS,
2424,AFR,AFR
2425,SAS,SAS
2426,AFR,AFR
2427,EAS,
2428,AMR,EUR
2429,EAS,EAS
2430,EUR,EUR
2431,AFR,AFR
2432,AFR,AFR
2433,EUR,EUR
2434,AFR,AFR
2435,SAS,SAS
2436,SAS,SAS
2437,SAS,SAS
2438,AFR,AFR
2439,AFR,AFR
2440,EUR,EUR
2441,EUR,EUR
2442,EAS,
2443,EUR,EUR
2444,AFR,AFR
2445,AFR,AFR
2446,SAS,SAS
2447,AFR,AFR
2448,SAS,SAS
2449,AFR,AFR
2450,SAS,SAS
2451,EAS,EAS
2452,AMR,SAS
2453,AFR,AFR
2454,AFR,AFR
2455,AMR,
2456,AMR,SAS
2457,EAS,SAS
2458,SAS,SAS
2459,EAS,SAS
2460,AFR,AFR
2461,AFR,AFR
2462,EAS,EAS
2463,EUR,EUR
2464,EUR,EUR
2465,EUR,EUR
2466,EUR,EUR
2467,SAS,SAS
2468,EAS,
2469,AFR,AFR
2470,AFR,AFR
2471,EUR,EUR
2472,AFR,AFR
2473,EUR,EUR
2474,EUR,EUR
2475,EUR,EUR
2476,EUR,EUR
2477,EAS,
2478,AFR,AFR
2479,EUR,EUR
2480,AFR,AFR
2481,EUR,EUR
2482,SAS,SAS
2483,AFR,AFR
2484,EUR,EUR
2485,EUR,EUR
2486,EAS,EAS
2487,EAS,
2488,AFR,AFR
2489,SAS,SAS
2490,AMR,SAS
2491,AMR,EUR
2492,EUR,EUR
2493,SAS,EUR
2494,AFR,AFR
2495,EAS,EAS
2496,AFR,AFR
2497,AFR,AFR
2498,SAS,SAS
2499,EAS,EAS
2500,AMR,SAS
2501,SAS,SAS
2502,EAS,
2503,SAS,SAS
